{
  "drive": {
    "p": 0.00023,
    "i": 0.0000015,
    "d": 1,
    "f": 0.001,
    "iz": 0
  },
  "angle": {
    "p": 0.01,
    "i": 0.000038975,
    "d": 1,
    "f": 0.001,
    "iz": 0
  }
}